from,to,coef,exp_coef,se_coef,z,Pr,N,Pr_adjusted,from_cdc_desc,to_cdc_desc
1,24,1.51532331351504,4.55089225398639,0.350574394635498,4.32240156926053,1.5433994587255e-05,228,0.00284371350270173,Heart Failure,Hip/Pelvic Fracture
1,6,1.54668754522188,4.69588947012161,0.353134361220354,4.37988401886713,1.1874249161381e-05,228,0.00284371350270173,Heart Failure,Chronic Kidney Disease
2,7,0.736745619491386,2.08912562979698,0.143247654358603,5.14316009424513,2.7015521597562e-07,436,9.9552197087016e-05,Ischemic Heart Disease,Hypertension
2,8,0.819826583626489,2.27010612982319,0.147950857364022,5.54120873804312,3.00390884389046e-08,440,2.21388081794727e-05,Ischemic Heart Disease,Hyperlipidemia
